x,y,z,uuid,type,alive,display_name,custom_name
2.5,89.0,9.5,b1214c61-f858-4104-9617-a1106de80d92,moped:copper_moped,true,Copper Moped,[null]
22.69999998807907,69.10000002384186,-4.699999988079071,fbe4fa5f-43f6-43d5-a9f6-f2e86804957b,minecraft:spider,true,Spider,[null]
9.683366926244835,75.0,-21.683022157665707,6fbdbcdd-6fbf-47d4-bb3b-2f899fe93cf3,minecraft:chicken,true,Chicken,[null]
12.0,76.0,-22.0,6d3d746b-ccfd-458c-95be-0f3b251d7a51,minecraft:chicken,true,Chicken,[null]
8.532213520921157,-22.0,-20.40369926456398,b76a1517-33f7-4a7d-a710-34a9c818ac09,minecraft:skeleton,true,Skeleton,[null]
-31.421557692329305,-22.0,7.002617729875993,020b8646-c3b6-4d64-972e-0564fcf61bc0,minecraft:skeleton,true,Skeleton,[null]
-6.4269622433930635,26.0,48.599999994039536,93f74348-310f-40d6-94f3-60d45b378bd9,minecraft:glow_squid,true,Glow Squid,[null]
33.65734696950812,15.0,41.11621528647524,86284de1-febe-45c3-a3c8-92c1570bfaf8,minecraft:creeper,true,Creeper,[null]
34.710440096561854,70.0,44.27457696019542,48dca65d-85ae-4e1e-af33-44aaef4fc5b1,minecraft:chicken,true,Chicken,[null]
41.30929560112424,70.0,35.68707881194192,a777d854-d2c4-4eca-b1c9-59d53c62b1ba,minecraft:chicken,true,Chicken,[null]
26.629000834658523,78.0,-18.412623687558206,a12b2afc-a20d-4ef2-8d01-d6e44d0ae4a4,minecraft:sheep,true,Sheep,[null]
15.082518985715927,77.0,-28.682373053747305,c0dfaad3-888b-48e9-9830-2f7607bf2988,minecraft:chicken,true,Chicken,[null]
20.561374393417452,81.0,-19.450973207743715,172062c6-5444-475d-a351-c80a8a771347,minecraft:chicken,true,Chicken,[null]
47.5,14.0,29.5,6b7d165d-7e2b-46cc-809c-fa8e536e4b26,minecraft:zombie,true,Zombie,[null]
43.5,-22.0,16.5,6dbe7d68-3fdf-4138-a4dc-e0b00f697d3a,minecraft:creeper,true,Creeper,[null]
41.5,-22.0,15.5,4690673c-7539-4ef3-9610-822cf857fc0a,minecraft:skeleton,true,Skeleton,[null]
0.4938986753697887,75.0,-39.13098066564258,dbb4f0d4-30d4-488f-ba55-42e4660c4a87,minecraft:chicken,true,Chicken,[null]
24.50478622026792,-6.0,-38.18424410563745,67a2b4a7-3c4a-4773-bc0e-f2c71daa8bfb,minecraft:creeper,true,Creeper,[null]
-36.17984223461143,20.316192827247928,51.63797994023208,42912d65-bcaf-45b1-bffd-6c2cea2ed9ab,minecraft:bat,true,Bat,[null]
-41.05889549955969,20.0,54.52604946526207,848d5cfc-b79b-4725-a01a-2dfd1a3e539f,minecraft:enderman,true,Enderman,[null]
50.41903125773914,7.0,-12.422424427348858,704e7ed4-410e-47d1-81fe-22e536ba0a5c,minecraft:zombie,true,Zombie,[null]
64.5495202961442,75.0,-13.986281383191715,91837524-8e0c-4d16-9cc1-eba19daf4080,minecraft:horse,true,Horse,[null]
60.5,39.0,6.5,45dce58a-8c68-46d1-b1d3-2987006c5d6e,minecraft:enderman,true,Enderman,[null]
48.30000001192093,-20.899999976158142,17.30000001192093,21c8c5d2-f67a-4dd8-a9c2-138c740d1691,minecraft:spider,true,Spider,[null]
0.8640951292478444,-11.829090461854882,-46.74184551602195,a78b0a61-af6b-4cff-9929-63047ea923e0,minecraft:bat,true,Bat,[null]
-2.513391521811833,-15.0,-51.47415730535119,15f851f2-921e-491a-abb7-d7eeba86af18,minecraft:skeleton,true,Skeleton,[null]
40.400000005960464,6.0,-64.33333667460829,eac0635e-e330-45b0-8f38-272ca60c1b13,minecraft:glow_squid,true,Glow Squid,[null]
34.23128524258783,87.0,-71.07251764146338,68185c5a-af68-4c83-b514-489e38a0e2dd,minecraft:pig,true,Pig,[null]
-53.96251425664764,27.0,64.41009600544128,77670c15-56fc-468f-8cd2-a55971d679e2,minecraft:zombie,true,Zombie,[null]
-38.0,75.0,73.0,6e5a7111-3dd0-4f19-8c43-00c905454eac,minecraft:cow,true,Cow,[null]
-31.36331114521062,76.0,78.60472940183209,70755ec6-51cb-4ad3-bce4-bd8e0009fee4,minecraft:cow,true,Cow,[null]
-67.17463608411553,110.0,-42.82493399732801,effeb518-dd3a-4e6c-b58d-38e652f85c53,minecraft:sheep,true,Sheep,[null]
-63.442609954853836,110.0,-39.390966796158985,cb1c2dc0-ab3e-4a1e-ab14-8f48197e9a37,minecraft:sheep,true,Sheep,[null]
74.53822791361304,11.0,-26.5,9d26487c-cf75-430a-90f3-4bc3dcdd2911,minecraft:skeleton,true,Skeleton,[null]
70.5,6.0,-11.5,7c00e68a-1663-4b4d-9f19-16a458d4f721,minecraft:zombie,true,Zombie,[null]
76.5,30.0,-0.5,b74dbbd5-f6ef-4f6c-8ec2-926aa43555a0,minecraft:zombie,true,Zombie,[null]
76.47356854870264,40.0,11.524270566502327,4eb05387-f125-4caa-84d0-b3f5ed10b350,minecraft:skeleton,true,Skeleton,[null]
71.42171140204375,42.0,16.42252325622763,b112d7cb-13d3-41ff-a2e8-c86a65eebb89,minecraft:creeper,true,Creeper,[null]
79.43607643277026,15.0,17.599391480157223,1c9d8b12-b6f6-4dc5-931d-6f19796e44fd,minecraft:skeleton,true,Skeleton,[null]
78.75132316676216,16.100000023841858,19.89750508211258,edcf250b-ea94-4385-98fe-5623f45a3b25,minecraft:bat,true,Bat,[null]
67.50783769408537,8.0,51.450376924816574,d6ee76ac-384f-472d-95a9-a92618f14966,minecraft:creeper,true,Creeper,[null]
76.47534113112746,15.0,55.475317742938124,a9fcb184-ec9c-4ed7-8130-b8fd0f603d56,minecraft:creeper,true,Creeper,[null]
66.11294616217407,8.0,52.50000375825328,b509fedd-d089-4b71-9ba7-ed39e46a66ac,minecraft:creeper,true,Creeper,[null]
-75.47083313597949,62.3736029186391,68.42536770028822,b2f11b81-f8aa-44b6-9849-79e38f8988ca,minecraft:creeper,true,Creeper,[null]
-65.98131361602759,-1.0,52.10788404963741,27cb097b-ff39-431b-93ac-bc0c42a23b44,minecraft:skeleton,true,Skeleton,[null]
-75.37988104533487,73.0,79.23578058974475,7fc58a6f-6171-479b-9116-10aca8fad965,minecraft:cow,true,Cow,[null]
-81.88559948588848,109.0,-24.88827322607085,96f2c633-7de4-4c50-91d7-16b3cbdbaf0e,minecraft:horse,true,Horse,[null]
-76.46717749951023,110.0,-35.48651104733664,d71d4dc4-183d-4578-ac66-70424366c7f1,minecraft:sheep,true,Sheep,[null]
-66.20131623942768,110.0,-46.40692008961396,2317a942-5a78-4843-bc00-1d50e2ea6b64,minecraft:sheep,true,Sheep,[null]
-66.41884703058896,110.0,-39.61143056716212,aef74133-8df2-4ff0-a4be-f2166d3084de,minecraft:horse,true,Horse,[null]
28.499487893280868,21.0,86.74647362351313,d85b7be3-8571-49a6-9608-15c6d134c8fb,minecraft:enderman,true,Enderman,[null]
39.400000005960464,6.293063178545021,-64.496336448472,5481805f-e68d-4653-9d02-1219ce1fe6a5,minecraft:glow_squid,true,Glow Squid,[null]
53.51150168576172,23.0,-73.94270388781432,c87fda97-fe92-42a5-8748-7d5f87311915,minecraft:skeleton,true,Skeleton,[null]
86.29919952502496,15.0,24.494452325005522,d97303ca-90c5-4383-a417-1ea2fbdd32a8,minecraft:spider,true,Spider,[null]
85.63958245519409,14.0,30.07523756817661,f8886e39-f8d1-4e4a-bcde-4276f149f43c,minecraft:zombie,true,Zombie,[null]
87.03298321537883,38.0,9.42301553731221,fbf2c75a-00bc-4bf7-b85a-70863cec4d72,minecraft:zombie,true,Zombie,[null]
-93.724465961105,72.0,63.492755691782435,e510aac5-7541-46e1-bdc5-9232c50928a4,minecraft:cow,true,Cow,[null]
-94.43012685897709,72.0,64.55753431135729,b81be61d-e722-4b3f-9eea-eb00512748d0,minecraft:cow,true,Cow,[null]
-83.40035595142194,73.0,74.62701701600844,6408eb71-ada2-449b-ab87-17fdaa10550e,minecraft:cow,true,Cow,[null]
-17.35626172690265,79.0,112.70458398122585,ef9abd69-53f9-46b2-94a4-8ca8f5ac0641,minecraft:pig,true,Pig,[null]
-88.0,106.0,-46.0,7cc82643-0972-4821-9751-566b485befaa,minecraft:sheep,true,Sheep,[null]
-89.0,106.0,-47.10000002384186,1700f894-baf7-460e-ae76-28843cbb0e0d,minecraft:sheep,true,Sheep,[null]
-83.43887457560012,109.0,-42.39732053293169,90518690-ea2b-437e-ade3-d4e6cecfa08b,minecraft:sheep,true,Sheep,[null]
-63.25,63.875,-94.47233846441024,823c8491-3877-4da3-91b2-6507e49cbe0a,minecraft:frog,true,Frog,[null]
-47.523024206560265,79.875,-89.9226392103791,0a5bf6d4-aa6c-40d6-ac07-33911c93133a,minecraft:frog,true,Frog,[null]
-48.99036757668344,78.875,-89.46379301615525,bf15b7e3-85a5-4725-907f-41bb87248ff3,minecraft:frog,true,Frog,[null]
-51.168550215883336,76.875,-89.92408621939919,4bbb0e8f-b634-4440-9d18-5eb5143fec88,minecraft:frog,true,Frog,[null]
-57.51342056755861,69.0,-95.4352807190446,70814277-4b91-4cff-8417-63aab9351c90,minecraft:frog,true,Frog,[null]
34.21142369422351,8.100000023841858,-81.496383970462,a6b72df8-217d-4ded-b59b-03b95773dc79,minecraft:bat,true,Bat,[null]
107.0,78.0,107.0,7901eaa0-c9ef-4918-9de3-825391ed6b42,minecraft:pig,true,Pig,[null]
-96.77196363156557,101.0,-45.1603179354769,476a1946-9369-4a0a-abff-9ecc201415ec,minecraft:sheep,true,Sheep,[null]
-61.45586541132762,67.0,-98.78372964615748,224564b4-4e01-4e61-b08b-3ad39578ec37,minecraft:frog,true,Frog,[null]
-124.5330323917673,85.0,-13.678057956696982,1a87f112-0c02-43ec-8d50-2e6c89f15347,minecraft:pig,true,Pig,[null]
-124.06845449852321,85.0,-14.659963189974828,e27a6f4d-89c0-4514-a08e-ad0f51002145,minecraft:pig,true,Pig,[null]
-127.49878176955689,89.0,-3.3420944139390643,7c87b869-7830-4efa-8895-0d5dcd96bfdc,minecraft:pig,true,Pig,[null]
-105.39045326590788,97.0,-13.241807524142473,ade1d42c-6800-42b3-8ef2-af8305d77bf7,minecraft:pig,true,Pig,[null]
-144.0938094396284,89.2424405078191,-70.59850192809596,8a209ef3-ef75-4348-8f1d-6e4b420afe02,minecraft:bee,true,Bee,[null]
60.73985536278178,78.0,136.89499644506756,3646c166-76eb-492d-8ecb-76ae920cafdb,minecraft:chicken,true,Chicken,[null]
59.0,79.0,139.0,6df904c9-6684-4396-a9f7-76e632868fb6,minecraft:chicken,true,Chicken,[null]
59.72279778576531,80.0,141.273507290711,79f0691e-59eb-46d4-bd1c-94664972e17a,minecraft:chicken,true,Chicken,[null]
74.26875260890245,72.0,146.26433610854767,9bc9dac2-8f5f-4b77-a185-7b2942be30c5,minecraft:chicken,true,Chicken,[null]
149.34177861412755,71.0,79.63990063611492,d5963ecd-47f3-4814-b446-b079dacf394a,minecraft:chicken,true,Chicken,[null]
-83.76597173161173,65.875,-117.33465781503476,cc0abd72-9f6d-4cb5-aa03-7671f4fd59f4,minecraft:frog,true,Frog,[null]
129.67646220882668,69.0,-85.4258365876689,dd05e970-c030-4e01-86d7-e6445a7a60f8,minecraft:pig,true,Pig,[null]
138.62680229108636,68.0,-99.40610579994977,729ca43f-e416-48bb-81da-67cd0407aec0,minecraft:pig,true,Pig,[null]
128.58746266534985,69.0,-83.42588517648296,ba786683-d2fe-474b-87ff-6d17094da526,minecraft:pig,true,Pig,[null]
135.3486074869499,69.0,-88.26661847355041,2791689d-2e4d-437f-86ba-16944a461ce9,minecraft:pig,true,Pig,[null]
139.61294393363966,68.0,-104.45010468239673,d09015d7-3b6d-4b48-8cc5-bbe387bce990,minecraft:sheep,true,Sheep,[null]
136.64127844402844,66.0,-110.35871422457409,69bdc075-d199-4566-93a4-c6134d082410,minecraft:sheep,true,Sheep,[null]
142.0,66.0,-110.0,26d06cc7-242e-4382-98a4-6a4ab7e30a2b,minecraft:sheep,true,Sheep,[null]
-174.603515625,63.0,156.0,1358ba0f-7ca3-41d4-9596-f0624d8ff5a1,minecraft:horse,true,Horse,[null]
-174.603515625,63.0,156.0,f7bf1923-347b-4107-8c5f-bfcb7ec4daf8,minecraft:horse,true,Horse,[null]
-173.0,63.0,156.0,e1f43c92-dd9a-4de3-874a-a0a13d608224,minecraft:horse,true,Horse,[null]
-135.0,67.0,187.0,948a8b59-8a0a-4139-9422-6a3b4c2b15e1,minecraft:pig,true,Pig,[null]
-137.0,67.0,188.0,c82a4034-0776-4dd1-b779-8e5e239024bd,minecraft:pig,true,Pig,[null]
-134.0,67.0,184.0,bfa5f8d4-7458-49c5-b748-6859347548c0,minecraft:pig,true,Pig,[null]
-134.0,67.0,183.0,40c5b84d-aa4f-4a02-a2b3-a10a45312c0d,minecraft:pig,true,Pig,[null]
-126.48582719153146,70.0,46.73113626628278,d5ad85d0-ed3f-4b61-8e8a-50c71908db73,minecraft:sheep,true,Sheep,[null]
-95.10000002384186,66.0,187.0,70a3e028-b41a-4766-b0c4-b15d346d6323,minecraft:cow,true,Cow,[null]
-137.38184441701304,69.0,43.610046371018754,38b36897-f665-4128-88a7-9dba56f74eb5,minecraft:sheep,true,Sheep,[null]
-125.41557704860836,72.0,45.60555091993989,9cee60d6-1f47-4f22-819a-363c44249ffc,minecraft:sheep,true,Sheep,[null]
-141.50079393989705,64.0,44.552551821473216,842a8b58-1a06-43d7-923a-694c1660a46e,minecraft:sheep,true,Sheep,[null]
10.505450931141175,75.0,-122.45274397374493,21a6e25f-b938-4dce-856f-a1926f48cce6,minecraft:chicken,true,Chicken,[null]
18.0,64.0,-136.0,635773b2-3acb-4acc-bd83-b44bba07cf86,minecraft:chicken,true,Chicken,[null]
21.465251788194383,64.0,-136.95660277100797,f9e44fe2-78e7-45b3-88e6-beb857c84020,minecraft:chicken,true,Chicken,[null]
23.545539368938922,71.0,-122.40897350372028,e182537e-7487-4422-a85a-dae038815608,minecraft:chicken,true,Chicken,[null]
172.0,69.0,40.0,ab969289-d449-4731-8cbd-8a2a5fafcbd8,minecraft:pig,true,Pig,[null]
172.0,69.0,39.0,8f5fed98-55f0-4d5a-955c-477aad912ec2,minecraft:pig,true,Pig,[null]
170.0,69.0,41.0,88e1c965-4c4e-4775-beec-a27e9eb51bb5,minecraft:pig,true,Pig,[null]
169.0,69.0,40.0,73bcf3b1-513b-4ed6-802f-c881d79a2e33,minecraft:pig,true,Pig,[null]
188.0,67.0,134.0,95cf4f07-0ea9-4ea6-a7c3-3b4f6fd29269,minecraft:wolf,true,Wolf,[null]
186.0,67.0,132.0,1f0e408c-df30-4611-aad3-f7b6ac9edbda,minecraft:wolf,true,Wolf,[null]
184.0,67.0,129.0,450a688f-09f3-4c14-83db-5ebc67c789ae,minecraft:wolf,true,Wolf,[null]
183.0,67.0,130.0,13ca33fe-09cb-4e2f-b237-1175896dec51,minecraft:wolf,true,Wolf,[null]
160.40000000596046,69.0,135.0,e004e734-d831-48b6-9211-8e6c1491bc23,minecraft:chicken,true,Chicken,[null]
161.0,69.0,132.0,e02d8828-5aac-4b93-b2ff-d67c3a336741,minecraft:chicken,true,Chicken,[null]
160.40000000596046,69.0,129.0,2883dd78-a578-4cb6-b4a9-bd442d725982,minecraft:chicken,true,Chicken,[null]
161.0,69.0,130.0,0efe3524-3eb4-4fbe-906c-24aefdcd7432,minecraft:chicken,true,Chicken,[null]
160.01852029323325,71.0,142.17780048608122,818e9700-ff34-4cb3-9bfd-3fca41e4cd46,minecraft:chicken,true,Chicken,[null]
162.5,9.0,150.5,8fc192a1-636b-4b4b-a398-d7541038e52f,minecraft:falling_block,true,Falling Gravel,[null]
162.5,10.0,150.5,2f4768cf-8617-4920-a360-8b75421019f5,minecraft:falling_block,true,Falling Gravel,[null]
162.5,8.0,151.5,c28feac6-ca11-4cff-bd08-3335ca70de1f,minecraft:falling_block,true,Falling Gravel,[null]
162.5,9.0,151.5,65936b13-cc89-4b2f-9d14-59bd5c804142,minecraft:falling_block,true,Falling Gravel,[null]
163.5,9.0,149.5,73c48f4f-92f6-4170-b0e4-21e1e2a3de44,minecraft:falling_block,true,Falling Gravel,[null]
163.5,10.0,149.5,cf488f96-15dc-49e4-a463-34dbb01a3758,minecraft:falling_block,true,Falling Gravel,[null]
163.5,9.0,150.5,59963f38-4df7-403e-ade4-995373ca5c46,minecraft:falling_block,true,Falling Gravel,[null]
163.5,10.0,150.5,a1d328bf-916a-49d9-afa1-b28bbf37db5b,minecraft:falling_block,true,Falling Gravel,[null]
163.5,8.0,151.5,fe64d0ee-bfc6-49d5-8a20-638c2676bb3e,minecraft:falling_block,true,Falling Gravel,[null]
163.5,9.0,151.5,362cb0f9-509d-442a-a55f-466e82a99fda,minecraft:falling_block,true,Falling Gravel,[null]
164.5,9.0,148.5,399648c6-1b21-47f1-a8ac-03dacd999224,minecraft:falling_block,true,Falling Gravel,[null]
164.5,10.0,148.5,73bc8933-f2ba-4546-adf8-56d8da8266ef,minecraft:falling_block,true,Falling Gravel,[null]
164.5,9.0,149.5,0fbd35c6-9b67-441a-8c10-58343311f4c6,minecraft:falling_block,true,Falling Gravel,[null]
164.5,10.0,149.5,8b62572a-5063-4ac3-b01a-b8c16d0b223a,minecraft:falling_block,true,Falling Gravel,[null]
164.5,9.0,150.5,9a0bb680-f7b0-4116-b876-15c4da35957a,minecraft:falling_block,true,Falling Gravel,[null]
164.5,10.0,150.5,50e81fdf-d869-4388-9c2f-c979d6cdf8a9,minecraft:falling_block,true,Falling Gravel,[null]
164.5,9.0,151.5,a49f43af-a9a5-4296-a321-5d4422f32c2c,minecraft:falling_block,true,Falling Gravel,[null]
164.5,10.0,151.5,dd2a65d1-a545-4b78-bd36-6f4fe7982434,minecraft:falling_block,true,Falling Gravel,[null]
165.5,9.0,149.5,c0e858ed-4eaf-45ae-838b-999c120f21dc,minecraft:falling_block,true,Falling Gravel,[null]
165.5,10.0,149.5,20b4ddbc-5146-4dea-a4a8-f767898dc734,minecraft:falling_block,true,Falling Gravel,[null]
165.5,9.0,150.5,f20ccd6c-4c76-4307-8c22-3c51e0622fb5,minecraft:falling_block,true,Falling Gravel,[null]
165.5,10.0,150.5,8709e9f3-62f8-4314-8cc1-01286d2974f9,minecraft:falling_block,true,Falling Gravel,[null]
165.5,9.0,151.5,cdd0fd0b-2fa3-48ea-a0ba-84326380a185,minecraft:falling_block,true,Falling Gravel,[null]
165.5,10.0,151.5,5bb26cd9-e624-47a3-bbbb-ea6ab165dfad,minecraft:falling_block,true,Falling Gravel,[null]
166.5,9.0,149.5,9b147d0d-56fd-4d7b-b909-772c1d9aecbe,minecraft:falling_block,true,Falling Gravel,[null]
166.5,10.0,149.5,c2b754e9-0421-459f-8f4c-5339a8a74804,minecraft:falling_block,true,Falling Gravel,[null]
166.5,9.0,150.5,93b05402-bc21-4435-b2f1-935c3aa4c364,minecraft:falling_block,true,Falling Gravel,[null]
166.5,10.0,150.5,a64a55a1-710b-40b5-bc7b-c8d5076de4dd,minecraft:falling_block,true,Falling Gravel,[null]
166.5,9.0,151.5,e2ea63ef-9abe-40ff-8990-f9a724bca815,minecraft:falling_block,true,Falling Gravel,[null]
166.5,10.0,151.5,5309782a-b95b-4153-a7ae-7fd02c3624cb,minecraft:falling_block,true,Falling Gravel,[null]
163.5,11.0,150.5,ae9660cd-6070-4969-9023-5a37b2b1a3a6,minecraft:falling_block,true,Falling Gravel,[null]
164.5,11.0,150.5,02727144-a441-4232-b70a-45f3acc3af49,minecraft:falling_block,true,Falling Gravel,[null]
164.5,11.0,151.5,633f507e-4b7f-465d-8113-0b9e4e2489a1,minecraft:falling_block,true,Falling Gravel,[null]
165.5,11.0,149.5,37198989-5bcf-4732-b7b2-4d53798c1fbc,minecraft:falling_block,true,Falling Gravel,[null]
165.5,11.0,151.5,8822f507-7325-46a5-b1b5-1ba1895b1026,minecraft:falling_block,true,Falling Gravel,[null]
162.5,10.0,151.5,4430ad36-51fa-4d1e-abc6-b8c6616a4109,minecraft:falling_block,true,Falling Gravel,[null]
163.5,10.0,151.5,fb478f2a-6168-4063-8746-a9bc2f04cad6,minecraft:falling_block,true,Falling Gravel,[null]
164.5,11.0,149.5,18702fbd-abcb-488e-a95c-a0356596f7e7,minecraft:falling_block,true,Falling Gravel,[null]
165.5,11.0,150.5,55722a7d-be68-4104-ab77-415992b65923,minecraft:falling_block,true,Falling Gravel,[null]
163.5,11.0,151.5,c2806b9c-6eee-4630-931b-3cc727223e8f,minecraft:falling_block,true,Falling Gravel,[null]
-11.0,64.0,162.0,cbca160d-f695-4fb7-a40b-b74bc2e82552,minecraft:sheep,true,Sheep,[null]
-10.0,64.0,164.0,423c4ab2-f7cd-4865-8b59-e0455505b4e2,minecraft:sheep,true,Sheep,[null]
-10.0,64.0,163.0,404786a3-7671-4ebf-90d4-94736b4b9942,minecraft:sheep,true,Sheep,[null]
-9.0,64.0,164.0,4ba1bb97-bc23-497c-83ae-eeaeec381e85,minecraft:sheep,true,Sheep,[null]
-76.98466738094088,64.875,-137.1016174965024,75e11270-d6be-4556-b76a-bda14768ea77,minecraft:frog,true,Frog,[null]
36.0,70.0,185.0,693fcbbb-c832-4594-842e-ac944a76c54d,minecraft:pig,true,Pig,[null]
32.89999997615814,69.0,188.0,3c392c8b-615b-40bd-8031-7b8d63200fa9,minecraft:pig,true,Pig,[null]
36.0,69.0,189.0,73a91f5a-ac7f-4888-adcd-822d1dbace6a,minecraft:pig,true,Pig,[null]
37.0,69.0,189.0,b98504d1-b4ab-4f28-b1fa-23c9eff85ffc,minecraft:pig,true,Pig,[null]
38.0,71.0,179.0,938aca03-2b14-4765-a19a-c03ba9335ec1,minecraft:sheep,true,Sheep,[null]
36.0,71.0,181.0,cde94fd3-49b9-42a1-beb3-bdcf7f8e5d0e,minecraft:sheep,true,Sheep,[null]
32.89999997615814,70.0,184.0,31291b70-c49f-46ca-9a1c-106efe280c66,minecraft:sheep,true,Sheep,[null]
37.0,71.0,182.0,82bdb8db-a1d8-4166-aece-9d8f27af2526,minecraft:sheep,true,Sheep,[null]
-130.24581613853735,67.875,-90.75,7cb1369f-0c77-4287-b3d7-8126e1c197cf,minecraft:frog,true,Frog,[null]
-128.25,64.875,-85.53350174228743,d55eb291-9497-4402-80cf-30ceeb25d413,minecraft:frog,true,Frog,[null]
146.37769013625362,71.0,155.45037426795867,e275fa17-2da8-4dc4-9dc2-c9f1cdb0d23f,minecraft:chicken,true,Chicken,[null]
147.77635216094896,72.0,148.2951337368979,9b7e77a4-fc20-40af-b74b-0a515409b8cc,minecraft:chicken,true,Chicken,[null]
147.52662783325138,63.0,-113.83268989532392,7f3030b6-9476-4af8-8f14-ccc32ac43299,minecraft:sheep,true,Sheep,[null]
2.9062461374881816,88.0,11.571911139691105,380df991-f603-344c-a090-369bad2a924a,minecraft:player,true,Dev,[null]
18.53057806130532,64.0,-10.530496590931225,9480db88-dcfd-401a-b2b7-689c2cee83dd,minecraft:creeper,true,Creeper,[null]
19.095627001930975,64.0,-18.350616956943934,bc073713-738a-4802-9ac6-8530814276b6,minecraft:skeleton,true,Skeleton,[null]
17.574815127283276,67.0,-15.54266605370573,10fef4f6-2fa5-4ce9-b7a1-4ff9542e19bd,minecraft:skeleton,true,Skeleton,[null]
65.26974085442869,41.57763914223343,9.309872478198447,f072f87a-7c1c-4874-b37a-907f77bfd35b,minecraft:bat,true,Bat,[null]
65.17066429817187,38.230490775011354,7.207935171317781,88518d2e-e93f-478c-9174-4f3907d45121,minecraft:bat,true,Bat,[null]
85.42794598334507,14.0,29.422909374169123,5149613a-7db6-4256-8424-bd8ee5bb29a2,minecraft:skeleton,true,Skeleton,[null]
82.56136887552631,15.0,29.45928604528488,e39589b0-33e9-4a16-b8bd-d1eec22b7b57,minecraft:skeleton,true,Skeleton,[null]
85.5,14.0,25.5,b651e92c-7583-4cda-9b17-8038b4dc79bf,minecraft:skeleton,true,Skeleton,[null]
85.5,14.0,26.5,edac2d25-d3bd-4070-a70b-238273cc228a,minecraft:skeleton,true,Skeleton,[null]
77.75697160785897,30.585540299786768,-2.408157505469805,12096665-c1f5-4d44-8c4c-de71f59c2042,minecraft:bat,true,Bat,[null]
82.53561994677747,28.654240469058905,-0.25,b363d727-94d9-4c5c-a568-70e94ca70a26,minecraft:bat,true,Bat,[null]
-48.089816800406794,-6.930032213222901,-13.505637233196394,b372cd97-93be-404d-8e60-46bc19afe1ce,minecraft:bat,true,Bat,[null]
75.5099112162945,15.0,25.573087455358873,08f24a95-d8b4-4d04-b1d6-6eefe46a53a0,minecraft:skeleton,true,Skeleton,[null]
74.5,15.0,17.5,69e2a6f0-2765-4a99-bf35-812bb8bc6c50,minecraft:skeleton,true,Skeleton,[null]
73.5,15.0,17.5,54e02d8e-dcef-4b74-94ac-6d3de007729e,minecraft:skeleton,true,Skeleton,[null]
24.5,64.0,-19.5,ee094ae9-696d-48c8-8d2b-1465fde67a9c,minecraft:creeper,true,Creeper,[null]
-11.537500552683085,-24.968465405494353,-9.25,71e63907-9abb-4032-b894-ef4c68127d24,minecraft:bat,true,Bat,[null]
20.577697279601296,-25.560780730780188,-25.37381836759848,abeeab4b-2753-4704-ab71-52f3734d7786,minecraft:bat,true,Bat,[null]
13.300000000745058,-22.9300322132229,-23.195269950154227,1478f6c7-e5e3-49b7-8a52-e4b4a6f63c61,minecraft:bat,true,Bat,[null]
-40.51925799719402,83.0,-71.51220278219277,3bf36c2f-48ee-4bcc-bef0-29f719a35ce5,minecraft:skeleton,true,Skeleton,[null]
-43.5,82.0,-74.5,1045599d-dac8-4972-b7b7-bdd433dc377a,minecraft:skeleton,true,Skeleton,[null]
-11.699999988079071,10.100000023841858,77.69999998807907,5620adcb-d4c1-4ec3-9d0f-5ca2872f7c70,minecraft:spider,true,Spider,[null]
-14.677988198191601,9.0,77.30000001192093,451911d8-4c58-4972-8596-98243424089f,minecraft:skeleton,true,Skeleton,[null]
-18.5,9.0,75.5,482d5dc8-aacc-4d62-9848-6e2bddf03665,minecraft:skeleton,true,Skeleton,[null]
46.5,16.0,35.5,c3d57401-e3a4-4373-8073-38de17e50064,minecraft:zombie,true,Zombie,[null]
9.207473166047782,-22.0,-20.544351937151553,747d5172-d853-451b-8c14-501c911443f4,minecraft:skeleton,true,Skeleton,[null]
10.033701334504993,-22.0,-20.505252768387965,5535d1c7-9373-4e3d-aaa2-e83a5f386004,minecraft:skeleton,true,Skeleton,[null]
29.5,-24.0,-43.5,af86ae99-555c-4fb9-a41a-d4a0f25d6c0f,minecraft:skeleton,true,Skeleton,[null]
50.774969742561964,30.0,19.485101740490695,b3f130d7-e8e2-46ed-93fa-2f46c05eed8a,minecraft:zombie,true,Zombie,[null]
-43.400000005960464,31.19999998807907,37.599999994039536,8f4db545-c78e-4e37-907e-5f2c6d2ef46d,minecraft:glow_squid,true,Glow Squid,[null]
-45.12119586974413,30.0,40.933328359505126,782c28a5-748f-4792-a28a-190cd325d6f8,minecraft:glow_squid,true,Glow Squid,[null]
-51.599999994039536,31.80550580099225,39.497637359425426,b5b69796-e41d-4ab3-b8b0-ae7f4a5e5cdd,minecraft:glow_squid,true,Glow Squid,[null]
83.14882675895994,15.0,17.635553695521196,6c7bb9dc-1987-4c1c-ae42-c5d891e314f3,minecraft:skeleton,true,Skeleton,[null]
22.494983953750822,39.0,-91.96387876354277,94094596-1873-4770-abfc-8430d3d71784,minecraft:zombie,true,Zombie,[null]
-73.5,63.0,43.5,1d1b8fa5-f7a3-452b-a3b7-9007a68c27ed,minecraft:skeleton,true,Skeleton,[null]
37.51551153748137,12.0,41.48399960519676,6b42598e-faee-4f41-8198-c80fe46c4fa8,minecraft:skeleton,true,Skeleton,[null]
28.5,14.0,48.5,d7f17378-a397-457e-8529-e9cf5bbf0a34,minecraft:skeleton,true,Skeleton,[null]
-20.5,6.0,55.5,914b3471-9d3e-456e-b3d9-acb6f068c29c,minecraft:creeper,true,Creeper,[null]
-17.49144457106072,7.0,57.48953461658767,eefdeb0e-24eb-46f0-aaff-b70a027f8c6e,minecraft:creeper,true,Creeper,[null]
-21.20215068130974,7.0,54.444673612681015,bdc197e6-a3f4-465a-b0c8-ec8272c88f5a,minecraft:creeper,true,Creeper,[null]
-21.5,6.0,56.5,42250de7-5361-48e3-8552-2f9808114d91,minecraft:creeper,true,Creeper,[null]
82.52469924006316,31.10200625928539,-2.329367600700179,036c2990-bcf0-43a7-bc5d-f44655e34ae2,minecraft:bat,true,Bat,[null]
78.81941994960724,31.440572954947143,-5.678864362478128,5e66b1e8-eace-43fa-96a6-218847c3f886,minecraft:bat,true,Bat,[null]
76.90159695096702,23.01958709535223,-10.080353893620858,eb1a884f-e7d2-4a91-8fd6-16ba06ce7663,minecraft:bat,true,Bat,[null]
71.60126306402097,31.0,25.783974191055023,c8016234-7135-4415-b761-48ca76e4f974,minecraft:skeleton,true,Skeleton,[null]
17.5,-13.0,-51.5,4efb167c-8829-44cd-a374-198d297fdbf2,minecraft:skeleton,true,Skeleton,[null]
18.5,-13.0,-49.5,b922ad31-feaf-48bc-93d4-57fbcf3b843f,minecraft:zombie,true,Zombie,[null]
18.5,-13.0,-48.5,c8c634c2-ee75-4592-b50b-3e463fcbdd4c,minecraft:zombie,true,Zombie,[null]
20.5,-13.0,-47.5,cdd08352-290b-4b69-be56-61d8d2cb17b6,minecraft:zombie,true,Zombie,[null]
-20.5,5.0,61.5,bebdef32-b300-4adb-96f1-0e98a7b95820,minecraft:spider,true,Spider,[null]
58.5,-27.0,10.5,b0c5c1b5-f424-4b1d-b150-5d7f9cb60a99,minecraft:creeper,true,Creeper,[null]
78.5,37.0,20.5,91de9497-298b-47b8-a90f-6af9794860fc,minecraft:zombie,true,Zombie,[null]
80.5,37.0,21.5,81c371d3-17f4-4e7b-a7d1-afea3d989c3d,minecraft:skeleton,true,Skeleton,[null]
62.5,8.0,40.5,b8edf432-6005-4783-9a91-26587b0a4a4e,minecraft:skeleton,true,Skeleton,[null]
55.5,8.0,48.5,ea5e2880-2374-4e26-ace9-d248dfb226d6,minecraft:spider,true,Spider,[null]
