x,y,z,visibility,load_status,entity_count
0,5,0,TICKING,LOADED,2
-10,5,-5,TRACKED,LOADED,1
-6,4,-8,TICKING,LOADED,1
1,-2,-3,TICKING,LOADED,1
1,-1,-3,TICKING,LOADED,2
2,0,-6,TICKING,LOADED,1
-9,4,2,TICKING,LOADED,2
5,0,1,TICKING,LOADED,7
5,2,1,TICKING,LOADED,1
-6,4,4,TICKING,LOADED,2
0,4,-8,TICKING,LOADED,1
1,4,-2,TICKING,LOADED,3
1,5,-2,TICKING,LOADED,1
1,-2,-2,TICKING,LOADED,1
8,4,-7,TICKING,LOADED,4
9,4,9,TICKING,LOADED,2
-4,1,4,TICKING,LOADED,1
-3,4,-6,TICKING,LOADED,1
10,4,2,TRACKED,LOADED,4
-2,4,7,TICKING,LOADED,1
3,2,0,TICKING,LOADED,1
3,-2,0,TICKING,LOADED,1
9,4,4,TICKING,LOADED,1
-2,0,3,TICKING,LOADED,5
-4,3,-6,TICKING,LOADED,1
-4,4,-6,TICKING,LOADED,3
-6,4,3,TICKING,LOADED,1
4,0,3,TICKING,LOADED,3
0,4,-3,TICKING,LOADED,1
0,-1,-3,TICKING,LOADED,1
9,3,-8,TICKING,LOADED,1
-9,4,11,TRACKED,LOADED,4
5,1,-1,TICKING,LOADED,2
1,1,5,TICKING,LOADED,1
-6,4,11,TRACKED,LOADED,1
2,0,-5,TICKING,LOADED,2
2,5,-5,TICKING,LOADED,1
3,1,1,TICKING,LOADED,1
3,-2,1,TICKING,LOADED,1
-1,-2,-1,TICKING,LOADED,1
-2,0,4,TICKING,LOADED,1
-2,4,4,TICKING,LOADED,1
3,4,8,TICKING,LOADED,2
3,5,8,TICKING,LOADED,1
-1,0,4,TICKING,LOADED,2
8,4,-6,TICKING,LOADED,3
-3,1,2,TICKING,LOADED,2
-5,3,2,TICKING,LOADED,1
4,2,0,TICKING,LOADED,3
-3,1,3,TICKING,LOADED,2
2,4,11,TRACKED,LOADED,8
-2,-2,0,TICKING,LOADED,1
11,4,8,TRACKED,LOADED,4
-4,-1,-1,TICKING,LOADED,1
-7,6,-3,TICKING,LOADED,1
4,0,-1,TICKING,LOADED,1
4,1,-1,TICKING,LOADED,4
4,4,-1,TICKING,LOADED,1
0,4,-2,TICKING,LOADED,3
0,-2,-2,TICKING,LOADED,4
-5,-1,3,TICKING,LOADED,1
1,4,-9,TICKING,LOADED,2
-6,6,-2,TICKING,LOADED,1
1,-1,-4,TICKING,LOADED,3
-1,1,3,TICKING,LOADED,1
1,0,3,TICKING,LOADED,1
-5,4,-9,TICKING,LOADED,1
-3,5,-5,TICKING,LOADED,2
-1,-1,-4,TICKING,LOADED,1
4,0,1,TICKING,LOADED,4
4,1,1,TICKING,LOADED,2
4,2,1,TICKING,LOADED,2
1,4,-8,TICKING,LOADED,1
3,0,-1,TICKING,LOADED,1
-9,4,-6,TICKING,LOADED,2
-8,4,2,TICKING,LOADED,2
2,-2,0,TICKING,LOADED,1
-4,1,2,TICKING,LOADED,1
4,4,9,TICKING,LOADED,1
10,4,8,TRACKED,LOADED,5
2,0,2,TICKING,LOADED,2
2,1,2,TICKING,LOADED,1
2,4,2,TICKING,LOADED,2
-6,6,-3,TICKING,LOADED,3
6,4,6,TICKING,LOADED,1
1,2,-6,TICKING,LOADED,1
5,2,0,TICKING,LOADED,1
1,4,-1,TICKING,LOADED,3
4,0,-2,TICKING,LOADED,1
3,1,-5,TICKING,LOADED,1
-3,4,4,TICKING,LOADED,1
3,0,2,TICKING,LOADED,1
3,0,3,TICKING,LOADED,1
-7,6,-1,TICKING,LOADED,1
-11,3,9,TRACKED,LOADED,3
-5,3,4,TICKING,LOADED,1
-5,4,4,TICKING,LOADED,1
-1,4,10,TRACKED,LOADED,4
10,0,9,TRACKED,LOADED,40
-4,6,-3,TICKING,LOADED,1
-4,4,-7,TICKING,LOADED,1
-8,5,-1,TICKING,LOADED,3
-5,6,-3,TICKING,LOADED,4
2,0,1,TICKING,LOADED,1
2,-2,1,TICKING,LOADED,1
